article,headlines,published_date,updated_date
yen-weakness-to-support-japan-stocks-after-yellen-markets-wrap,"U.S. Stocks Surge, Dollar Rises on Trump Tax Plan: Markets Wrap
Treasury yields hit two-month high on Yellen’s hawkish remarks
Small-caps soar to new record, haven assets continue retreat",2017-09-26T22:09:46.166Z,2017-09-27T20:09:49.220Z
russia-probe-in-focus-ahead-of-jobs-as-bonds-climb-markets-wrap,"Dollar Rallies, Treasuries Falter on Strong Hiring: Markets Wrap
Jobs report tops estimates in July, Dow continues record run
Greenback erases weekly loss, 10-year yields advance",2017-08-03T22:10:26.696Z,2017-08-04T20:02:14.220Z
caution-to-rule-asia-markets-as-central-banks-meet-markets-wrap,"U.S. Stocks, Treasuries Rise After Yellen's Speech: Markets Wrap
Fed chair defends crisis response, says little on policy
Oil higher as major hurricane targets Gulf Coast of Texas",2017-08-24T22:25:37.546Z,2017-08-25T20:32:29.775Z
yen-jumps-after-report-of-north-korea-missile-markets-wrap,"S&P; 500 Tops 2,500, as Dollar Slips on Retail Data: Markets Wrap
Treasuries fall, sending 10-year yield toward 2.2 percent
Markets show resilience in face of North Korea missile test",2017-09-14T22:18:06.667Z,2017-09-15T20:11:34.072Z
asia-stocks-face-mixed-start-as-fed-minutes-parsed-markets-wrap,"U.S. Stocks Drop Most Since May, Bond Rout Worsens: Markets Wrap
S&P; 500 slides below 50-day moving average as selloff deepens
Dollar softens as the pace of hiring in the U.S. slows",2017-07-05T22:16:48.408Z,2017-07-06T20:26:29.672Z
bond-rout-deepens-as-asia-stocks-set-to-join-drop-markets-wrap,"U.S. Stocks Rebound, Bonds Fall on Economic Data: Markets Wrap
Payrolls rise 222,000 in June, wage growth falls short
Treasury yields near 2.39 percent as oil slips below $45",2017-07-06T22:22:24.075Z,2017-07-07T20:00:51.215Z
equity-rout-deepens-bonds-rise-on-korea-tension-markets-wrap,"U.S. Stocks Gain, Volatility Slips as Tension Ebbs: Markets Wrap
Tepid price growth puts Fed move in doubt; bonds rise
Markets start to stabilize as Korea tensions remain in focus",2017-08-10T22:17:54.058Z,2017-08-11T20:01:58.223Z
asia-stocks-to-start-mixed-as-stellar-run-assessed-markets-wrap,"U.S. Stocks Fall, Bonds Gain on Russia Probe News: Markets Wrap
Mueller is said to have impaneled grand jury: WSJ report
Dollar weakenes versus yen before Friday payrolls data",2017-08-02T22:18:15.071Z,2017-08-03T20:01:56.917Z
asia-stock-futures-mixed-bonds-rise-pound-drops-markets-wrap,"U.S. Stocks Pare Monthly Gain as Banks, Crude Slip: Markets Wrap
S&P; 500 adds more than 1% in May; lenders decline 1.5%
Dollar caps third straight monthly decline, at November low",2017-05-30T22:59:35.401Z,2017-05-31T20:06:09.046Z
asia-to-extend-global-equity-rally-as-bonds-slide-markets-wrap,"Stocks Adding to Records as Treasury Yields Climb: Markets Wrap
Apple shares slide with suppliers as latest products unveiled
All three major U.S. equity gauges end at record levels",2017-09-11T22:13:38.232Z,2017-09-12T20:05:26.132Z
stocks-to-edge-lower-before-earnings-flurry-fed-markets-wrap,"Tech Shares Rise as Dollar Stabilizes, Oil Gains: Markets Wrap
Euro slips as regional PMI signals economy is cooling
Alphabet Inc. falls as advertisers pay less for Google clicks",2017-07-23T22:24:06.456Z,2017-07-24T20:31:51.707Z
asian-stocks-to-gain-on-u-s-data-yen-holds-drop-markets-wrap,"U.S. Stocks Rise, Shrugging off Energy Weakness: Markets Wrap
Oil slips as major producers discuss participation in cuts
Dollar extends increases, gold and Treasury yields slide",2017-08-06T22:36:03.668Z,2017-08-07T20:05:11.710Z
asia-stocks-to-slip-with-attention-back-on-yellen-markets-wrap,"U.S. Stocks, Bonds Jump on Go-Slow Fed; Oil Climbs: Markets Wrap
Russia imbroglio seen complicating Fed path to normalization
Oil recovers as inventories seen declining; Canada rates due",2017-07-11T22:09:04.415Z,2017-07-12T20:02:50.341Z
asia-stocks-looking-mixed-oil-halts-losing-streak-markets-wrap,"U.S. Stocks Gain as Oil Stabilizes, Dollar Falls: Markets Wrap
Dollar, Treasuries end week largely unchanged as oil tumbles
Gold caps three-day advance, emerging market shares climb",2017-06-22T22:18:27.859Z,2017-06-23T20:01:40.942Z
asia-stocks-set-for-volatile-day-after-u-s-selloff-markets-wrap,"U.S. Stocks, Dollar Rebound; Brazil Shares Plunge: Markets Wrap
Rush for havens as Trump turmoil sparks jump in volatility
Latest Brazilian political crisis hits emerging assets",2017-05-17T22:20:48.058Z,2017-05-18T20:05:24.866Z
stock-rally-to-extend-in-asia-as-bond-drop-deepens-markets-wrap,"U.S. Stocks Push to Records as Oil, Dollar Climb: Markets Wrap
Dollar strengthens, Treasuries dip after wholesale price data
Energy shares lead gains as oil rallies on demand outlook",2017-09-12T22:07:26.562Z,2017-09-13T20:05:01.134Z
havens-strong-on-korea-tension-dollar-weak-on-cpi-markets-wrap,"Stocks Surge, Havens Retreat as Korea Fears Wane: Markets Wrap
U.S. officials say nuclear war with North Korea isn’t imminent
Volatility drops; Treasuries, gold and the yen all pull back",2017-08-13T22:08:02.691Z,2017-08-14T20:03:28.909Z
euro-holds-gain-treasuries-fall-on-policy-remarks-markets-wrap,"U.S. Stocks Rise as Central Banks Roil Currencies: Markets Wrap
Shared currency erases gain as officials give dovish hints
Technology shares rebound after selloff, oil advances",2017-06-27T22:14:59.609Z,2017-06-28T20:27:21.701Z
asian-stocks-set-to-track-modest-u-s-advance-markets-wrap,"Stocks Rise as Political Tension Cools, Bonds Slip: Markets Wrap
Dow adds almost 200 points in biggest advance since April
Bridgewater’s Dalio reducing risk on U.S. government concerns",2017-08-21T22:24:45.525Z,2017-08-22T20:09:17.358Z
nasdaq-futures-climb-as-profit-season-ramps-up-markets-wrap,"S&P; 500, Nasdaq Composite Hit Records; Gold Climbs: Markets Wrap
Dollar falls to 11-month low as Trump’s agenda falters
Health-care plan’s failure dashes optimism for economic reform",2017-07-17T22:20:23.599Z,2017-07-18T20:17:12.018Z
